<Dialog sceneWidth="600" sceneHeight="400" sceneColor="0xffffff" sceneBg="" layers="2,1,0,0,第 2 层;1,1,0,1,第 1 层">
  <Image url="png.comp.bg" x="0" y="0" layer="1" sizeGrid="4,30,4,4" width="400" height="350"/>
  <Button skin="png.comp.btn_close" x="365" y="3" layer="1" name="close"/>
  <Image url="png.comp.blank" x="0" y="0" layer="1" width="360" height="26" name="drag"/>
  <Image url="png.comp.bg2" x="34" y="81" layer="2" sizeGrid="4,4,4,4" width="344" height="236"/>
  <Tab labels="武器,上衣,裤子,鞋子" skin="png.comp.tab" x="58" y="55" layer="2" var="tab" layers="1,1,0,0,第 1 层" space="4" labelColors="0xff00ff"/>
  <ViewStack layers="4,1,0,0,第 4 层;3,1,0,0,第 3 层;2,1,0,0,第 2 层;1,1,0,0,第 1 层" layer="2" x="109" y="108" var="viewStack">
    <Panel layers="1,1,0" layer="1" x="20" width="163" height="137" vScrollBarSkin="png.comp.vscroll" var="panel" name="item0">
      <Image url="png.comp.image" layer="1"/>
    </Panel>
    <Panel layers="1,1,0" layer="2" x="13" y="11" width="160" height="160" hScrollBarSkin="png.comp.hscroll" name="item1">
      <Clip url="png.comp.clip_num" x="0" y="0" layer="1" clipX="10" width="464" height="160"/>
    </Panel>
    <List layers="1,1,0" layer="3" y="5" repeatX="1" repeatY="5" spaceX="4" spaceY="4" var="boxList" name="item2">
      <VScrollBar skin="png.comp.vscroll" x="115" layer="1" height="155" name="scrollBar"/>
      <Box layers="2,1,0,0,第 2 层;1,1,0,0,第 1 层" layer="1" name="render">
        <Clip url="png.comp.clip_selectBox" x="26" y="3" layer="1" clipY="2" width="84" name="selectBox"/>
        <Clip url="png.comp.clip_num" layer="1" clipX="10" name="icon"/>
        <Label text="label" x="31" y="3" layer="2" width="80" name="label"/>
      </Box>
    </List>
    <Panel layers="1,1,0" layer="4" x="46" y="2" width="163" height="137" vScrollBarSkin="png.comp.vscroll" var="panel1" name="item3">
      <Image url="png.comp.image" layer="1"/>
    </Panel>
  </ViewStack>
</Dialog>